id;nome;criterio;tipo;nota;justificativa;data_avaliacao
3001;luiza henrique;atender aos prazos;execução;7.6;boa execução com erros pontuais;2023-03-10
3002;mariana costa;fazer mais com menos;execução;8.0;responsável, porém inseguro;2023-04-18
3004;joana silva;resiliencia nas adversidades;execução;10.0;organizado, mas às vezes desatento;2023-04-19
3005;ricardo silva;resiliencia nas adversidades;execução;8.0;reativo, falta proatividade;2023-04-15
3006;luiza martins;entregar com qualidade;comportamental;10.0;entrega consistente, mas falta comunicação;2023-04-01
3007;bruno lima;resiliencia nas adversidades;comportamental;9.5;criativo, porém pouco claro;2023-03-31
3008;joão lima;capacidade de aprender;comportamental;8.0;inovador, mas confuso;2023-04-10
3012;sofia martins;sentimento de dono;comportamental;7.1;criativo, porém pouco claro;2023-03-23
3013;ana pereira;resiliencia nas adversidades;execução;6.2;inovador, mas confuso;2023-04-15
3015;mariana silva;organização no trabalho;execução;8.4;trabalho em equipe precisa melhorar;2023-04-21
3018;clara oliveira;fazer mais com menos;comportamental;7.0;entrega consistente, mas falta comunicação;2023-03-13
3019;rafael silva;"ser ""team player""";execução;6.5;boa execução com erros pontuais;2023-03-16
3020;ana martins;entregar com qualidade;execução;6.5;criativo, porém pouco claro;2023-04-24
3021;marcos mendes;resiliencia nas adversidades;execução;10.0;trabalho em equipe precisa melhorar;2023-04-16
3022;carolina henrique;fazer mais com menos;execução;9.0;aprende rápido, mas esquece feedbacks;2023-04-08
3024;sofia oliveira;organização no trabalho;execução;8.4;entrega consistente, mas falta comunicação;2023-03-30
3025;pedro martins;resiliencia nas adversidades;execução;9.7;boa execução com erros pontuais;2023-04-03
3030;rafael henrique;fazer mais com menos;execução;6.4;boa execução com erros pontuais;2023-04-03
3031;maria silva;resiliencia nas adversidades;execução;6.1;criativo, porém pouco claro;2023-04-22
3033;juliana pereira;"ser ""team player""";comportamental;7.0;reativo, falta proatividade;2023-03-21
3034;ana henrique;organização no trabalho;execução;9.7;entrega consistente, mas falta comunicação;2023-04-21
3038;mariana mendes;resiliencia nas adversidades;comportamental;9.3;responsável, porém inseguro;2023-04-24
3039;carolina martins;pensar fora da caixa;execução;9.1;boa execução com erros pontuais;2023-05-07
3040;rafael souza;fazer mais com menos;execução;6.9;trabalho em equipe precisa melhorar;2023-05-04
3041;sofia oliveira;"ser ""team player""";comportamental;6.9;responsável, porém inseguro;2023-03-29
3042;maria mendes;resiliencia nas adversidades;execução;6.7;inovador, mas confuso;2023-03-16
3044;bruno henrique;atender aos prazos;comportamental;6.6;criativo, porém pouco claro;2023-03-26
3045;mateus silva;fazer mais com menos;execução;7.6;trabalho em equipe precisa melhorar;2023-05-01
3046;joão costa;atender aos prazos;execução;9.8;organizado, mas às vezes desatento;2023-04-21
3047;luiza martins;sentimento de dono;comportamental;9.7;inovador, mas confuso;2023-04-07
3048;eduardo ferreira;pensar fora da caixa;execução;9.0;cumpre prazos, mas sem iniciativa;2023-04-12
3050;clara costa;sentimento de dono;execução;6.9;boa execução com erros pontuais;2023-04-25
3051;juliana costa;pensar fora da caixa;execução;7.4;entrega consistente, mas falta comunicação;2023-04-27
3052;carolina pereira;entregar com qualidade;comportamental;8.0;reativo, falta proatividade;2023-04-30
3053;joão oliveira;entregar com qualidade;execução;7.7;reativo, falta proatividade;2023-04-20
3054;bruno silva;organização no trabalho;comportamental;6.2;entrega consistente, mas falta comunicação;2023-04-07
3055;rafael henrique;organização no trabalho;execução;6.6;entrega consistente, mas falta comunicação;2023-04-08
3056;sofia mendes;entregar com qualidade;comportamental;7.0;entrega consistente, mas falta comunicação;2023-03-23
3057;rafael martins;capacidade de aprender;execução;8.0;responsável, porém inseguro;2023-04-14
3059;ricardo mendes;fazer mais com menos;execução;9.0;boa execução com erros pontuais;2023-03-26
3060;mateus costa;organização no trabalho;execução;7.0;criativo, porém pouco claro;2023-03-28
3061;pedro martins;capacidade de aprender;execução;7.3;cumpre prazos, mas sem iniciativa;2023-04-28
3064;rafael costa;"ser ""team player""";execução;8.6;reativo, falta proatividade;2023-04-10
3065;luiza silva;capacidade de aprender;execução;7.6;boa execução com erros pontuais;2023-03-22
3066;ricardo martins;capacidade de aprender;execução;6.0;inovador, mas confuso;2023-04-29
3068;maria martins;resiliencia nas adversidades;execução;7.6;responsável, porém inseguro;2023-04-26
3070;pedro mendes;resiliencia nas adversidades;comportamental;9.3;criativo, porém pouco claro;2023-04-25
3071;bruno ferreira;fazer mais com menos;comportamental;6.4;trabalho em equipe precisa melhorar;2023-04-11
3072;sofia lima;entregar com qualidade;comportamental;8.9;reativo, falta proatividade;2023-03-19
3074;juliana oliveira;fazer mais com menos;comportamental;6.8;organizado, mas às vezes desatento;2023-04-09
3075;pedro martins;"ser ""team player""";comportamental;8.4;aprende rápido, mas esquece feedbacks;2023-04-13
3076;ana martins;pensar fora da caixa;comportamental;8.9;responsável, porém inseguro;2023-03-12
3077;mateus costa;sentimento de dono;comportamental;7.3;trabalho em equipe precisa melhorar;2023-04-17
3078;jorge pereira;capacidade de aprender;comportamental;7.9;boa execução com erros pontuais;2023-03-31
3079;joão ferreira;atender aos prazos;comportamental;7.0;reativo, falta proatividade;2023-04-01
3080;ana ferreira;entregar com qualidade;execução;6.5;trabalho em equipe precisa melhorar;2023-04-14
3081;joana costa;resiliencia nas adversidades;comportamental;9.6;aprende rápido, mas esquece feedbacks;2023-03-12
3082;luiza ferreira;fazer mais com menos;execução;6.0;organizado, mas às vezes desatento;2023-05-07
3083;pedro silva;organização no trabalho;comportamental;9.6;boa execução com erros pontuais;2023-03-17
3084;luiza henrique;pensar fora da caixa;execução;6.7;responsável, porém inseguro;2023-03-10
3085;carolina henrique;entregar com qualidade;comportamental;10.0;aprende rápido, mas esquece feedbacks;2023-04-08
3086;joana mendes;pensar fora da caixa;execução;7.9;cumpre prazos, mas sem iniciativa;2023-03-24
3087;juliana lima;atender aos prazos;comportamental;8.1;reativo, falta proatividade;2023-04-06
3088;fernanda martins;organização no trabalho;execução;8.5;boa execução com erros pontuais;2023-03-22
3089;juliana oliveira;pensar fora da caixa;execução;9.0;entrega consistente, mas falta comunicação;2023-04-19
3091;joana lima;resiliencia nas adversidades;comportamental;8.5;inovador, mas confuso;2023-04-22
3093;joão pereira;organização no trabalho;execução;8.2;entrega consistente, mas falta comunicação;2023-04-29
3095;luiza souza;resiliencia nas adversidades;comportamental;9.0;entrega consistente, mas falta comunicação;2023-04-15
3096;fernanda silva;pensar fora da caixa;comportamental;9.6;entrega consistente, mas falta comunicação;2023-04-20
3097;mateus mendes;resiliencia nas adversidades;execução;8.1;aprende rápido, mas esquece feedbacks;2023-05-07
3098;mariana pereira;pensar fora da caixa;comportamental;9.7;boa execução com erros pontuais;2023-05-09
3099;clara martins;entregar com qualidade;comportamental;9.9;entrega consistente, mas falta comunicação;2023-03-12
3100;mateus mendes;entregar com qualidade;comportamental;6.6;organizado, mas às vezes desatento;2023-03-28
3102;clara lima;pensar fora da caixa;execução;7.4;trabalho em equipe precisa melhorar;2023-03-23
3103;clara martins;resiliencia nas adversidades;execução;8.1;aprende rápido, mas esquece feedbacks;2023-03-31
3105;clara pereira;pensar fora da caixa;comportamental;8.3;cumpre prazos, mas sem iniciativa;2023-04-11
3106;bruno oliveira;resiliencia nas adversidades;comportamental;8.9;organizado, mas às vezes desatento;2023-04-26
3107;joão lima;entregar com qualidade;execução;7.5;aprende rápido, mas esquece feedbacks;2023-03-11
3110;carolina oliveira;atender aos prazos;execução;6.0;entrega consistente, mas falta comunicação;2023-03-17
3112;mateus mendes;"ser ""team player""";comportamental;9.0;reativo, falta proatividade;2023-03-14
3113;pedro martins;pensar fora da caixa;execução;10.0;aprende rápido, mas esquece feedbacks;2023-04-04
3115;carlos martins;atender aos prazos;comportamental;8.2;inovador, mas confuso;2023-05-05
3116;fernanda henrique;pensar fora da caixa;execução;9.9;criativo, porém pouco claro;2023-04-12
3117;sofia costa;capacidade de aprender;execução;9.8;trabalho em equipe precisa melhorar;2023-05-04
3118;rafael oliveira;resiliencia nas adversidades;comportamental;9.0;reativo, falta proatividade;2023-03-19
3119;juliana martins;sentimento de dono;execução;8.0;inovador, mas confuso;2023-05-09
3120;mariana costa;entregar com qualidade;comportamental;7.2;boa execução com erros pontuais;2023-04-16
3121;clara souza;sentimento de dono;execução;6.5;cumpre prazos, mas sem iniciativa;2023-03-28
3122;luiza pereira;"ser ""team player""";comportamental;8.9;organizado, mas às vezes desatento;2023-04-22
3124;marcos souza;fazer mais com menos;comportamental;7.7;reativo, falta proatividade;2023-03-18
3125;maria costa;entregar com qualidade;comportamental;7.0;inovador, mas confuso;2023-03-18
3126;rafael souza;sentimento de dono;execução;6.6;criativo, porém pouco claro;2023-05-06
3127;joão costa;capacidade de aprender;comportamental;9.4;trabalho em equipe precisa melhorar;2023-05-08
3128;maria ferreira;entregar com qualidade;execução;6.4;boa execução com erros pontuais;2023-03-26
3129;rafael lima;pensar fora da caixa;execução;7.5;organizado, mas às vezes desatento;2023-04-17
3131;mateus costa;atender aos prazos;execução;9.1;criativo, porém pouco claro;2023-03-29
3132;luiza costa;resiliencia nas adversidades;comportamental;7.1;reativo, falta proatividade;2023-03-16
3133;ricardo silva;resiliencia nas adversidades;comportamental;10.0;reativo, falta proatividade;2023-04-30
3134;fernanda oliveira;atender aos prazos;comportamental;8.0;inovador, mas confuso;2023-05-01
3137;luiza oliveira;entregar com qualidade;comportamental;9.0;reativo, falta proatividade;2023-03-18
3138;clara henrique;resiliencia nas adversidades;execução;8.2;criativo, porém pouco claro;2023-04-14
3140;ana souza;organização no trabalho;execução;8.0;cumpre prazos, mas sem iniciativa;2023-03-31
3141;maria souza;entregar com qualidade;execução;6.5;reativo, falta proatividade;2023-03-28
3142;carlos henrique;atender aos prazos;execução;10.0;responsável, porém inseguro;2023-03-29
3143;joana lima;pensar fora da caixa;comportamental;6.4;entrega consistente, mas falta comunicação;2023-03-23
3144;ricardo souza;organização no trabalho;execução;9.0;reativo, falta proatividade;2023-03-17
3147;joão lima;fazer mais com menos;execução;8.4;boa execução com erros pontuais;2023-04-22
3148;luiza costa;resiliencia nas adversidades;execução;10.0;entrega consistente, mas falta comunicação;2023-04-03
3152;mateus mendes;entregar com qualidade;comportamental;8.3;criativo, porém pouco claro;2023-03-17
3155;fernanda henrique;pensar fora da caixa;execução;8.0;entrega consistente, mas falta comunicação;2023-04-12
3156;eduardo martins;sentimento de dono;comportamental;6.7;boa execução com erros pontuais;2023-04-28
3157;fernanda oliveira;atender aos prazos;execução;7.1;inovador, mas confuso;2023-03-10
3158;sofia souza;"ser ""team player""";execução;6.9;inovador, mas confuso;2023-03-11
3159;bruno mendes;sentimento de dono;comportamental;6.8;boa execução com erros pontuais;2023-04-05
3160;ana silva;sentimento de dono;execução;9.0;trabalho em equipe precisa melhorar;2023-03-20
3162;ricardo souza;fazer mais com menos;execução;7.6;responsável, porém inseguro;2023-03-14
3163;pedro lima;entregar com qualidade;execução;9.5;inovador, mas confuso;2023-03-26
3164;eduardo souza;entregar com qualidade;execução;8.0;inovador, mas confuso;2023-05-01
3165;jorge souza;entregar com qualidade;comportamental;6.0;trabalho em equipe precisa melhorar;2023-03-28
3168;juliana lima;fazer mais com menos;comportamental;9.0;criativo, porém pouco claro;2023-04-20
3169;maria lima;organização no trabalho;execução;9.3;responsável, porém inseguro;2023-05-09
3170;ana pereira;atender aos prazos;comportamental;8.5;boa execução com erros pontuais;2023-05-06
3171;luiza costa;sentimento de dono;execução;9.0;reativo, falta proatividade;2023-05-04
3172;ricardo mendes;capacidade de aprender;execução;8.5;responsável, porém inseguro;2023-04-29
3175;eduardo souza;capacidade de aprender;execução;8.8;boa execução com erros pontuais;2023-04-21
3177;maria martins;entregar com qualidade;execução;8.8;trabalho em equipe precisa melhorar;2023-03-11
3179;rafael oliveira;pensar fora da caixa;execução;6.9;organizado, mas às vezes desatento;2023-04-14
3180;bruno mendes;resiliencia nas adversidades;execução;8.2;trabalho em equipe precisa melhorar;2023-04-06
3181;ricardo ferreira;resiliencia nas adversidades;comportamental;8.0;organizado, mas às vezes desatento;2023-05-03
3182;pedro costa;pensar fora da caixa;comportamental;9.1;boa execução com erros pontuais;2023-04-26
3183;ricardo mendes;organização no trabalho;comportamental;9.0;cumpre prazos, mas sem iniciativa;2023-03-30
3184;carlos ferreira;resiliencia nas adversidades;comportamental;6.9;aprende rápido, mas esquece feedbacks;2023-04-14
3185;rafael silva;entregar com qualidade;comportamental;6.0;trabalho em equipe precisa melhorar;2023-04-03
3186;mateus souza;pensar fora da caixa;execução;7.0;entrega consistente, mas falta comunicação;2023-03-18
3187;luiza lima;pensar fora da caixa;execução;8.0;entrega consistente, mas falta comunicação;2023-04-09
3190;rafael mendes;pensar fora da caixa;comportamental;8.0;reativo, falta proatividade;2023-03-28
3191;eduardo mendes;atender aos prazos;comportamental;6.3;cumpre prazos, mas sem iniciativa;2023-03-16
3192;carlos martins;entregar com qualidade;comportamental;10.0;boa execução com erros pontuais;2023-03-22
3193;juliana lima;sentimento de dono;execução;7.3;responsável, porém inseguro;2023-04-19
3194;pedro pereira;atender aos prazos;comportamental;9.2;criativo, porém pouco claro;2023-04-28
3195;luiza henrique;pensar fora da caixa;comportamental;9.6;criativo, porém pouco claro;2023-04-27
3196;pedro silva;"ser ""team player""";execução;7.0;criativo, porém pouco claro;2023-04-20
3198;mariana lima;organização no trabalho;execução;7.2;criativo, porém pouco claro;2023-03-21
3200;joão silva;fazer mais com menos;comportamental;6.8;inovador, mas confuso;2023-04-06
3201;luiza oliveira;atender aos prazos;execução;8.3;entrega consistente, mas falta comunicação;2023-05-08
3202;ana oliveira;pensar fora da caixa;execução;9.9;reativo, falta proatividade;2023-04-28
3203;marcos lima;entregar com qualidade;execução;6.4;trabalho em equipe precisa melhorar;2023-05-07
3204;maria martins;sentimento de dono;execução;7.2;trabalho em equipe precisa melhorar;2023-03-12
3205;ana pereira;entregar com qualidade;execução;6.0;inovador, mas confuso;2023-03-24
3206;mateus ferreira;sentimento de dono;execução;7.0;inovador, mas confuso;2023-05-02
3207;mariana martins;sentimento de dono;comportamental;9.0;trabalho em equipe precisa melhorar;2023-04-07
3208;joana pereira;sentimento de dono;execução;10.0;reativo, falta proatividade;2023-03-30
3209;bruno henrique;fazer mais com menos;execução;9.0;responsável, porém inseguro;2023-03-10
3211;ricardo lima;pensar fora da caixa;execução;10.0;trabalho em equipe precisa melhorar;2023-04-28
3212;bruno oliveira;"ser ""team player""";comportamental;8.0;responsável, porém inseguro;2023-04-24
3214;rafael costa;pensar fora da caixa;comportamental;6.9;cumpre prazos, mas sem iniciativa;2023-03-20
3215;carolina henrique;fazer mais com menos;comportamental;8.4;aprende rápido, mas esquece feedbacks;2023-04-24
3217;mariana costa;"ser ""team player""";execução;6.4;cumpre prazos, mas sem iniciativa;2023-04-25
3218;juliana martins;pensar fora da caixa;execução;9.8;entrega consistente, mas falta comunicação;2023-04-16
3219;ricardo ferreira;capacidade de aprender;execução;10.0;aprende rápido, mas esquece feedbacks;2023-04-06
3220;jorge henrique;organização no trabalho;execução;8.0;criativo, porém pouco claro;2023-04-18
3222;fernanda costa;resiliencia nas adversidades;comportamental;10.0;responsável, porém inseguro;2023-05-05
3223;sofia martins;capacidade de aprender;comportamental;9.6;reativo, falta proatividade;2023-03-20
3224;marcos lima;"ser ""team player""";execução;10.0;cumpre prazos, mas sem iniciativa;2023-05-03
3225;mateus martins;pensar fora da caixa;comportamental;7.1;aprende rápido, mas esquece feedbacks;2023-04-21
3226;jorge henrique;resiliencia nas adversidades;execução;7.8;responsável, porém inseguro;2023-04-01
3227;mariana silva;"ser ""team player""";comportamental;9.5;entrega consistente, mas falta comunicação;2023-04-21
3228;ricardo ferreira;capacidade de aprender;comportamental;10.0;trabalho em equipe precisa melhorar;2023-04-20
3229;joão henrique;sentimento de dono;execução;10.0;responsável, porém inseguro;2023-03-15
3230;carlos lima;organização no trabalho;comportamental;6.3;criativo, porém pouco claro;2023-05-09
3231;pedro lima;fazer mais com menos;execução;8.0;organizado, mas às vezes desatento;2023-03-24
3232;clara henrique;"ser ""team player""";comportamental;7.1;aprende rápido, mas esquece feedbacks;2023-04-19
3233;joana pereira;capacidade de aprender;comportamental;7.0;boa execução com erros pontuais;2023-03-28
3235;eduardo pereira;sentimento de dono;execução;6.4;boa execução com erros pontuais;2023-04-05
3237;joana souza;resiliencia nas adversidades;execução;7.1;reativo, falta proatividade;2023-03-22
3238;bruno lima;"ser ""team player""";execução;10.0;trabalho em equipe precisa melhorar;2023-03-20
3240;jorge henrique;entregar com qualidade;execução;9.1;aprende rápido, mas esquece feedbacks;2023-05-03
3241;joão martins;"ser ""team player""";execução;7.5;criativo, porém pouco claro;2023-05-04
3242;carlos silva;sentimento de dono;comportamental;9.0;aprende rápido, mas esquece feedbacks;2023-04-11
3243;ricardo pereira;sentimento de dono;execução;9.0;responsável, porém inseguro;2023-05-06
3246;luiza ferreira;atender aos prazos;comportamental;9.0;criativo, porém pouco claro;2023-04-02
3247;sofia henrique;organização no trabalho;comportamental;7.9;entrega consistente, mas falta comunicação;2023-05-05
3248;luiza pereira;entregar com qualidade;comportamental;9.3;inovador, mas confuso;2023-05-07
3250;ricardo lima;resiliencia nas adversidades;comportamental;8.8;trabalho em equipe precisa melhorar;2023-03-17
3251;ana oliveira;sentimento de dono;comportamental;9.0;entrega consistente, mas falta comunicação;2023-04-26
3253;jorge oliveira;capacidade de aprender;comportamental;6.0;criativo, porém pouco claro;2023-04-27
3256;mateus pereira;entregar com qualidade;execução;9.5;entrega consistente, mas falta comunicação;2023-03-17
3257;bruno pereira;capacidade de aprender;comportamental;9.8;organizado, mas às vezes desatento;2023-03-18
3258;carolina henrique;sentimento de dono;comportamental;7.4;entrega consistente, mas falta comunicação;2023-04-23
3259;mariana mendes;capacidade de aprender;execução;7.1;cumpre prazos, mas sem iniciativa;2023-04-29
3260;carlos souza;resiliencia nas adversidades;execução;7.0;boa execução com erros pontuais;2023-04-22
3261;carlos souza;sentimento de dono;execução;8.0;entrega consistente, mas falta comunicação;2023-04-05
3262;bruno ferreira;atender aos prazos;comportamental;8.2;cumpre prazos, mas sem iniciativa;2023-04-08
3263;sofia pereira;atender aos prazos;execução;10.0;responsável, porém inseguro;2023-04-17
3265;luiza henrique;organização no trabalho;execução;9.8;organizado, mas às vezes desatento;2023-04-05
3266;mariana martins;atender aos prazos;execução;9.9;entrega consistente, mas falta comunicação;2023-03-15
3267;maria costa;entregar com qualidade;execução;7.7;boa execução com erros pontuais;2023-04-01
3268;maria costa;entregar com qualidade;comportamental;9.9;criativo, porém pouco claro;2023-03-28
3269;clara oliveira;capacidade de aprender;comportamental;10.0;responsável, porém inseguro;2023-05-02
3272;maria lima;entregar com qualidade;execução;7.7;trabalho em equipe precisa melhorar;2023-04-04
3274;bruno ferreira;entregar com qualidade;execução;6.0;aprende rápido, mas esquece feedbacks;2023-04-08
3275;carolina martins;entregar com qualidade;execução;8.0;cumpre prazos, mas sem iniciativa;2023-04-18
3276;bruno ferreira;fazer mais com menos;comportamental;8.6;trabalho em equipe precisa melhorar;2023-03-25
3277;ana mendes;pensar fora da caixa;execução;7.0;trabalho em equipe precisa melhorar;2023-03-17
3282;carolina silva;resiliencia nas adversidades;comportamental;8.4;aprende rápido, mas esquece feedbacks;2023-04-21
3283;joana mendes;resiliencia nas adversidades;execução;9.9;entrega consistente, mas falta comunicação;2023-04-19
3284;bruno lima;"ser ""team player""";execução;9.0;organizado, mas às vezes desatento;2023-04-12
3286;luiza ferreira;entregar com qualidade;execução;7.0;reativo, falta proatividade;2023-04-15
3287;bruno oliveira;organização no trabalho;comportamental;9.4;aprende rápido, mas esquece feedbacks;2023-03-25
3289;rafael silva;organização no trabalho;comportamental;6.1;reativo, falta proatividade;2023-03-14
3290;eduardo henrique;fazer mais com menos;comportamental;7.1;trabalho em equipe precisa melhorar;2023-04-09
3291;eduardo silva;pensar fora da caixa;comportamental;9.3;boa execução com erros pontuais;2023-03-23
3293;fernanda pereira;pensar fora da caixa;execução;6.4;inovador, mas confuso;2023-04-15
3294;mariana costa;capacidade de aprender;comportamental;6.9;boa execução com erros pontuais;2023-03-31
3298;luiza silva;atender aos prazos;execução;7.1;boa execução com erros pontuais;2023-03-18
3299;juliana mendes;organização no trabalho;comportamental;7.0;aprende rápido, mas esquece feedbacks;2023-03-21
3300;rafael silva;organização no trabalho;comportamental;9.8;aprende rápido, mas esquece feedbacks;2023-03-16
3301;rafael mendes;capacidade de aprender;execução;7.1;reativo, falta proatividade;2023-04-30
3302;mariana silva;entregar com qualidade;comportamental;6.7;entrega consistente, mas falta comunicação;2023-04-21
3303;eduardo henrique;atender aos prazos;execução;6.1;trabalho em equipe precisa melhorar;2023-05-02
3304;joana henrique;fazer mais com menos;comportamental;9.2;aprende rápido, mas esquece feedbacks;2023-04-12
3305;carlos ferreira;fazer mais com menos;comportamental;6.0;responsável, porém inseguro;2023-04-10
3307;joão oliveira;atender aos prazos;execução;10.0;inovador, mas confuso;2023-04-16
3309;sofia mendes;entregar com qualidade;execução;9.0;trabalho em equipe precisa melhorar;2023-04-03
3311;joão lima;atender aos prazos;comportamental;10.0;cumpre prazos, mas sem iniciativa;2023-05-08
3313;joana costa;sentimento de dono;execução;9.7;cumpre prazos, mas sem iniciativa;2023-05-06
3315;luiza silva;"ser ""team player""";execução;7.4;criativo, porém pouco claro;2023-03-15
3316;ana mendes;resiliencia nas adversidades;execução;8.9;aprende rápido, mas esquece feedbacks;2023-04-06
3317;sofia ferreira;pensar fora da caixa;comportamental;7.0;criativo, porém pouco claro;2023-04-21
3319;juliana silva;fazer mais com menos;comportamental;6.3;organizado, mas às vezes desatento;2023-04-03
3322;joão silva;organização no trabalho;execução;8.4;responsável, porém inseguro;2023-04-27
3323;carlos pereira;capacidade de aprender;comportamental;9.4;aprende rápido, mas esquece feedbacks;2023-03-31
3326;pedro costa;"ser ""team player""";execução;10.0;entrega consistente, mas falta comunicação;2023-05-01
3328;mateus pereira;atender aos prazos;comportamental;7.3;cumpre prazos, mas sem iniciativa;2023-03-25
3329;jorge mendes;"ser ""team player""";execução;8.0;criativo, porém pouco claro;2023-03-26
3331;mateus ferreira;atender aos prazos;execução;6.6;organizado, mas às vezes desatento;2023-03-16
3332;jorge henrique;entregar com qualidade;comportamental;6.5;aprende rápido, mas esquece feedbacks;2023-04-16
3333;luiza martins;entregar com qualidade;comportamental;7.0;boa execução com erros pontuais;2023-05-01
3335;sofia costa;pensar fora da caixa;comportamental;9.0;cumpre prazos, mas sem iniciativa;2023-04-12
3336;marcos pereira;"ser ""team player""";execução;9.6;trabalho em equipe precisa melhorar;2023-03-30
3338;fernanda mendes;resiliencia nas adversidades;execução;7.0;organizado, mas às vezes desatento;2023-04-01
3339;fernanda oliveira;organização no trabalho;comportamental;10.0;inovador, mas confuso;2023-03-24
3340;rafael martins;organização no trabalho;execução;7.0;inovador, mas confuso;2023-04-09
3341;eduardo lima;sentimento de dono;comportamental;10.0;reativo, falta proatividade;2023-05-01
3342;luiza mendes;capacidade de aprender;comportamental;8.2;trabalho em equipe precisa melhorar;2023-04-15
3343;bruno silva;resiliencia nas adversidades;execução;9.8;responsável, porém inseguro;2023-05-03
3344;eduardo ferreira;fazer mais com menos;comportamental;7.0;criativo, porém pouco claro;2023-04-28
3345;maria oliveira;atender aos prazos;execução;6.9;cumpre prazos, mas sem iniciativa;2023-04-13
3346;joana souza;resiliencia nas adversidades;comportamental;9.9;criativo, porém pouco claro;2023-05-07
3348;marcos martins;capacidade de aprender;execução;6.5;entrega consistente, mas falta comunicação;2023-03-10
3349;bruno pereira;capacidade de aprender;comportamental;6.7;inovador, mas confuso;2023-05-02
3350;ricardo ferreira;organização no trabalho;execução;10.0;aprende rápido, mas esquece feedbacks;2023-04-20
3352;jorge oliveira;resiliencia nas adversidades;comportamental;9.2;responsável, porém inseguro;2023-05-09
3353;juliana lima;pensar fora da caixa;execução;10.0;responsável, porém inseguro;2023-04-10
3354;carolina souza;pensar fora da caixa;comportamental;8.6;reativo, falta proatividade;2023-04-14
3355;ana costa;fazer mais com menos;comportamental;9.8;boa execução com erros pontuais;2023-04-10
3356;joana costa;atender aos prazos;comportamental;6.7;responsável, porém inseguro;2023-05-09
3357;joão henrique;atender aos prazos;comportamental;9.3;aprende rápido, mas esquece feedbacks;2023-05-04
3359;sofia souza;resiliencia nas adversidades;execução;9.0;trabalho em equipe precisa melhorar;2023-04-20
3361;mariana oliveira;sentimento de dono;comportamental;6.6;aprende rápido, mas esquece feedbacks;2023-04-05
3362;clara pereira;resiliencia nas adversidades;comportamental;6.1;reativo, falta proatividade;2023-05-06
3363;jorge oliveira;"ser ""team player""";comportamental;9.4;trabalho em equipe precisa melhorar;2023-04-27
3364;luiza oliveira;sentimento de dono;comportamental;6.6;boa execução com erros pontuais;2023-03-19
3365;mariana costa;entregar com qualidade;comportamental;8.0;reativo, falta proatividade;2023-04-07
3367;clara silva;resiliencia nas adversidades;comportamental;7.6;inovador, mas confuso;2023-04-02
3368;juliana henrique;pensar fora da caixa;comportamental;7.8;inovador, mas confuso;2023-05-06
3370;sofia silva;capacidade de aprender;execução;6.8;aprende rápido, mas esquece feedbacks;2023-05-02
3372;pedro silva;capacidade de aprender;execução;9.7;responsável, porém inseguro;2023-04-01
3373;luiza martins;sentimento de dono;execução;6.9;trabalho em equipe precisa melhorar;2023-03-24
3375;juliana henrique;resiliencia nas adversidades;execução;7.7;cumpre prazos, mas sem iniciativa;2023-04-19
3376;luiza oliveira;entregar com qualidade;execução;7.6;aprende rápido, mas esquece feedbacks;2023-03-27
3377;carlos lima;pensar fora da caixa;comportamental;9.3;organizado, mas às vezes desatento;2023-04-10
3378;carolina ferreira;fazer mais com menos;execução;8.7;responsável, porém inseguro;2023-04-14
3379;joão silva;sentimento de dono;execução;7.8;organizado, mas às vezes desatento;2023-05-05
3380;ana lima;entregar com qualidade;execução;9.1;criativo, porém pouco claro;2023-04-02
3381;pedro oliveira;atender aos prazos;execução;7.4;inovador, mas confuso;2023-03-16
3383;carolina costa;organização no trabalho;comportamental;6.9;inovador, mas confuso;2023-04-10
3384;ricardo pereira;resiliencia nas adversidades;execução;10.0;criativo, porém pouco claro;2023-04-10
3388;mateus costa;organização no trabalho;comportamental;6.0;boa execução com erros pontuais;2023-03-17
3389;juliana oliveira;entregar com qualidade;comportamental;9.0;aprende rápido, mas esquece feedbacks;2023-03-23
3390;eduardo ferreira;capacidade de aprender;execução;6.1;reativo, falta proatividade;2023-04-08
3391;ana costa;pensar fora da caixa;execução;8.0;organizado, mas às vezes desatento;2023-03-15
3392;fernanda lima;"ser ""team player""";comportamental;8.5;entrega consistente, mas falta comunicação;2023-03-19
3394;fernanda oliveira;sentimento de dono;comportamental;8.6;boa execução com erros pontuais;2023-04-05
3395;bruno lima;fazer mais com menos;comportamental;6.2;entrega consistente, mas falta comunicação;2023-03-19
3397;joão henrique;capacidade de aprender;comportamental;6.8;cumpre prazos, mas sem iniciativa;2023-04-19
3398;fernanda silva;sentimento de dono;execução;8.2;boa execução com erros pontuais;2023-04-16
3400;pedro costa;"ser ""team player""";comportamental;7.3;criativo, porém pouco claro;2023-03-22
3403;maria souza;sentimento de dono;execução;7.2;criativo, porém pouco claro;2023-04-17
3406;fernanda souza;resiliencia nas adversidades;execução;8.0;entrega consistente, mas falta comunicação;2023-04-03
3408;ana oliveira;organização no trabalho;comportamental;9.0;criativo, porém pouco claro;2023-05-01
3409;carlos silva;"ser ""team player""";comportamental;7.5;trabalho em equipe precisa melhorar;2023-03-15
3414;jorge mendes;"ser ""team player""";execução;9.0;entrega consistente, mas falta comunicação;2023-03-19
3415;clara pereira;organização no trabalho;execução;7.7;criativo, porém pouco claro;2023-03-16
3416;fernanda silva;capacidade de aprender;execução;7.9;inovador, mas confuso;2023-04-22
3417;joão martins;organização no trabalho;execução;8.3;reativo, falta proatividade;2023-04-20
3418;pedro mendes;fazer mais com menos;execução;9.0;trabalho em equipe precisa melhorar;2023-03-21
3419;fernanda pereira;organização no trabalho;comportamental;9.2;responsável, porém inseguro;2023-04-19
3420;mateus ferreira;organização no trabalho;execução;6.2;inovador, mas confuso;2023-04-26
3421;joão costa;pensar fora da caixa;execução;9.0;cumpre prazos, mas sem iniciativa;2023-03-25
3422;bruno souza;organização no trabalho;comportamental;9.1;inovador, mas confuso;2023-04-28
3423;mateus costa;"ser ""team player""";comportamental;6.2;cumpre prazos, mas sem iniciativa;2023-03-22
3425;bruno oliveira;fazer mais com menos;execução;9.1;inovador, mas confuso;2023-03-26
3426;rafael mendes;organização no trabalho;comportamental;8.3;inovador, mas confuso;2023-04-13
3427;mateus martins;fazer mais com menos;execução;6.5;trabalho em equipe precisa melhorar;2023-04-17
3428;clara costa;sentimento de dono;execução;7.0;criativo, porém pouco claro;2023-03-14
3429;juliana martins;capacidade de aprender;execução;7.0;entrega consistente, mas falta comunicação;2023-04-08
3430;sofia silva;fazer mais com menos;comportamental;8.9;boa execução com erros pontuais;2023-04-22
3431;ana costa;organização no trabalho;execução;7.0;criativo, porém pouco claro;2023-05-08
3432;marcos oliveira;sentimento de dono;comportamental;9.9;criativo, porém pouco claro;2023-04-18
3433;clara pereira;capacidade de aprender;comportamental;9.2;cumpre prazos, mas sem iniciativa;2023-04-01
3434;eduardo silva;atender aos prazos;execução;6.3;criativo, porém pouco claro;2023-03-17
3435;mateus ferreira;resiliencia nas adversidades;execução;7.7;organizado, mas às vezes desatento;2023-04-15
3436;jorge henrique;fazer mais com menos;execução;7.8;entrega consistente, mas falta comunicação;2023-03-26
3437;fernanda henrique;organização no trabalho;comportamental;9.1;aprende rápido, mas esquece feedbacks;2023-03-22
3438;carolina ferreira;atender aos prazos;execução;7.8;cumpre prazos, mas sem iniciativa;2023-04-22
3439;maria lima;pensar fora da caixa;execução;9.6;organizado, mas às vezes desatento;2023-03-27
3441;pedro lima;capacidade de aprender;comportamental;7.8;organizado, mas às vezes desatento;2023-03-17
3442;sofia silva;resiliencia nas adversidades;comportamental;9.0;organizado, mas às vezes desatento;2023-04-17
3443;carlos ferreira;pensar fora da caixa;execução;8.0;organizado, mas às vezes desatento;2023-03-24
3444;jorge lima;fazer mais com menos;execução;6.0;trabalho em equipe precisa melhorar;2023-05-08
3446;bruno lima;pensar fora da caixa;comportamental;7.0;boa execução com erros pontuais;2023-04-13
3447;clara henrique;atender aos prazos;execução;7.0;entrega consistente, mas falta comunicação;2023-04-28
3449;mateus costa;capacidade de aprender;execução;9.0;cumpre prazos, mas sem iniciativa;2023-04-27
3450;mateus costa;entregar com qualidade;execução;9.0;reativo, falta proatividade;2023-03-30
3451;fernanda mendes;organização no trabalho;comportamental;10.0;responsável, porém inseguro;2023-04-09
3452;carolina martins;entregar com qualidade;comportamental;7.0;boa execução com erros pontuais;2023-03-11
3453;marcos costa;sentimento de dono;execução;10.0;boa execução com erros pontuais;2023-03-27
3454;ana pereira;resiliencia nas adversidades;comportamental;6.0;reativo, falta proatividade;2023-05-08
3456;mateus mendes;organização no trabalho;execução;6.7;entrega consistente, mas falta comunicação;2023-05-01
3457;fernanda mendes;entregar com qualidade;execução;6.0;organizado, mas às vezes desatento;2023-03-19
3458;pedro henrique;organização no trabalho;execução;7.0;organizado, mas às vezes desatento;2023-04-07
3459;maria henrique;resiliencia nas adversidades;execução;9.1;criativo, porém pouco claro;2023-04-27
3461;mateus souza;atender aos prazos;comportamental;6.6;criativo, porém pouco claro;2023-04-20
3462;mariana pereira;sentimento de dono;execução;7.0;inovador, mas confuso;2023-03-17
3465;jorge lima;capacidade de aprender;comportamental;6.0;aprende rápido, mas esquece feedbacks;2023-04-17
3467;joana ferreira;organização no trabalho;execução;6.8;boa execução com erros pontuais;2023-04-04
3468;sofia ferreira;resiliencia nas adversidades;execução;7.1;criativo, porém pouco claro;2023-05-08
3469;ricardo martins;fazer mais com menos;comportamental;9.8;entrega consistente, mas falta comunicação;2023-04-22
3470;rafael ferreira;organização no trabalho;execução;8.1;trabalho em equipe precisa melhorar;2023-04-26
3471;carlos ferreira;fazer mais com menos;comportamental;7.0;responsável, porém inseguro;2023-04-20
3473;mateus pereira;"ser ""team player""";comportamental;7.5;responsável, porém inseguro;2023-04-29
3474;joão ferreira;"ser ""team player""";execução;6.1;inovador, mas confuso;2023-04-25
3475;mariana souza;capacidade de aprender;comportamental;6.0;criativo, porém pouco claro;2023-04-15
3477;clara henrique;fazer mais com menos;comportamental;8.9;responsável, porém inseguro;2023-04-16
3479;bruno mendes;resiliencia nas adversidades;execução;9.8;boa execução com erros pontuais;2023-04-20
3481;joana lima;sentimento de dono;comportamental;10.0;reativo, falta proatividade;2023-03-27
3483;ricardo martins;atender aos prazos;execução;7.7;cumpre prazos, mas sem iniciativa;2023-04-24
3484;carlos silva;organização no trabalho;comportamental;6.7;inovador, mas confuso;2023-04-10
3485;carolina martins;fazer mais com menos;execução;6.6;responsável, porém inseguro;2023-03-29
3486;eduardo oliveira;resiliencia nas adversidades;comportamental;6.8;entrega consistente, mas falta comunicação;2023-04-11
3488;carolina silva;resiliencia nas adversidades;comportamental;9.4;trabalho em equipe precisa melhorar;2023-05-06
3489;eduardo silva;pensar fora da caixa;comportamental;8.2;trabalho em equipe precisa melhorar;2023-04-11
3491;jorge henrique;atender aos prazos;comportamental;9.2;organizado, mas às vezes desatento;2023-04-12
3492;carolina souza;"ser ""team player""";comportamental;9.0;criativo, porém pouco claro;2023-04-09
3493;carolina lima;entregar com qualidade;execução;8.0;reativo, falta proatividade;2023-04-01
3494;ana mendes;atender aos prazos;comportamental;9.1;boa execução com erros pontuais;2023-05-01
3495;mateus oliveira;atender aos prazos;execução;6.9;responsável, porém inseguro;2023-04-07
3496;juliana martins;"ser ""team player""";comportamental;7.4;inovador, mas confuso;2023-03-17
3497;juliana ferreira;resiliencia nas adversidades;execução;9.9;entrega consistente, mas falta comunicação;2023-03-26
3498;ana mendes;resiliencia nas adversidades;execução;6.7;entrega consistente, mas falta comunicação;2023-03-15
3500;carolina silva;capacidade de aprender;execução;6.1;aprende rápido, mas esquece feedbacks;2023-05-05
3501;pedro oliveira;sentimento de dono;comportamental;8.4;criativo, porém pouco claro;2023-05-01
3502;juliana mendes;atender aos prazos;execução;8.5;boa execução com erros pontuais;2023-04-20
3503;luiza mendes;"ser ""team player""";execução;6.1;entrega consistente, mas falta comunicação;2023-04-10
3505;mateus mendes;"ser ""team player""";execução;8.0;cumpre prazos, mas sem iniciativa;2023-03-11
3506;jorge costa;resiliencia nas adversidades;comportamental;9.1;boa execução com erros pontuais;2023-03-31
3507;fernanda costa;"ser ""team player""";comportamental;7.0;aprende rápido, mas esquece feedbacks;2023-03-30
3508;maria silva;atender aos prazos;comportamental;9.6;boa execução com erros pontuais;2023-04-20
3510;mateus martins;organização no trabalho;execução;10.0;inovador, mas confuso;2023-04-22
3511;joana pereira;sentimento de dono;execução;9.4;boa execução com erros pontuais;2023-03-31
3512;luiza henrique;"ser ""team player""";execução;9.8;organizado, mas às vezes desatento;2023-04-12
3513;marcos martins;capacidade de aprender;execução;8.3;cumpre prazos, mas sem iniciativa;2023-05-08
3514;luiza henrique;resiliencia nas adversidades;comportamental;8.6;responsável, porém inseguro;2023-04-23
3515;fernanda ferreira;sentimento de dono;comportamental;8.0;entrega consistente, mas falta comunicação;2023-04-30
3516;juliana lima;sentimento de dono;execução;10.0;aprende rápido, mas esquece feedbacks;2023-05-03
3517;luiza souza;sentimento de dono;execução;6.8;inovador, mas confuso;2023-03-17
3518;mariana lima;organização no trabalho;comportamental;10.0;organizado, mas às vezes desatento;2023-04-10
3519;mateus souza;fazer mais com menos;comportamental;7.0;boa execução com erros pontuais;2023-04-15
3521;jorge lima;entregar com qualidade;execução;10.0;entrega consistente, mas falta comunicação;2023-03-31
3522;clara oliveira;organização no trabalho;comportamental;7.0;inovador, mas confuso;2023-03-29
3525;eduardo pereira;atender aos prazos;execução;7.6;aprende rápido, mas esquece feedbacks;2023-04-15
3526;pedro martins;"ser ""team player""";execução;9.4;trabalho em equipe precisa melhorar;2023-04-27
3527;bruno oliveira;atender aos prazos;comportamental;8.3;trabalho em equipe precisa melhorar;2023-04-03
3530;fernanda lima;"ser ""team player""";execução;7.3;inovador, mas confuso;2023-03-18
3533;sofia oliveira;sentimento de dono;execução;6.0;organizado, mas às vezes desatento;2023-04-30
3534;jorge henrique;atender aos prazos;comportamental;8.3;cumpre prazos, mas sem iniciativa;2023-03-17
3536;fernanda silva;entregar com qualidade;execução;6.1;boa execução com erros pontuais;2023-04-03
3537;joão mendes;capacidade de aprender;execução;8.0;boa execução com erros pontuais;2023-03-31
3538;carlos pereira;resiliencia nas adversidades;execução;7.0;responsável, porém inseguro;2023-04-10
3539;carolina henrique;fazer mais com menos;comportamental;9.9;trabalho em equipe precisa melhorar;2023-04-14
3541;luiza pereira;sentimento de dono;comportamental;7.4;inovador, mas confuso;2023-04-25
3542;mariana oliveira;atender aos prazos;execução;6.0;trabalho em equipe precisa melhorar;2023-04-18
3543;carlos henrique;pensar fora da caixa;execução;9.0;responsável, porém inseguro;2023-03-15
3544;bruno silva;"ser ""team player""";execução;7.6;boa execução com erros pontuais;2023-04-21
3545;joana silva;fazer mais com menos;execução;6.0;reativo, falta proatividade;2023-04-04
3546;maria martins;resiliencia nas adversidades;execução;8.3;organizado, mas às vezes desatento;2023-04-06
3548;luiza lima;"ser ""team player""";comportamental;9.0;boa execução com erros pontuais;2023-04-17
3549;juliana oliveira;pensar fora da caixa;comportamental;8.8;entrega consistente, mas falta comunicação;2023-03-24
3551;juliana martins;fazer mais com menos;comportamental;10.0;aprende rápido, mas esquece feedbacks;2023-04-10
3552;joão ferreira;pensar fora da caixa;comportamental;7.8;inovador, mas confuso;2023-04-15
3554;bruno oliveira;pensar fora da caixa;comportamental;6.7;aprende rápido, mas esquece feedbacks;2023-03-13
3555;eduardo silva;resiliencia nas adversidades;execução;7.5;inovador, mas confuso;2023-03-22
3558;carlos oliveira;pensar fora da caixa;execução;9.0;trabalho em equipe precisa melhorar;2023-04-25
3559;bruno mendes;pensar fora da caixa;comportamental;7.0;reativo, falta proatividade;2023-05-08
3561;fernanda ferreira;"ser ""team player""";execução;7.0;cumpre prazos, mas sem iniciativa;2023-03-20
3562;maria mendes;fazer mais com menos;comportamental;8.2;trabalho em equipe precisa melhorar;2023-04-03
3565;joana ferreira;organização no trabalho;comportamental;8.9;inovador, mas confuso;2023-04-10
3567;carlos henrique;atender aos prazos;execução;6.0;responsável, porém inseguro;2023-04-19
3568;fernanda ferreira;resiliencia nas adversidades;execução;9.1;cumpre prazos, mas sem iniciativa;2023-04-15
3569;mateus pereira;"ser ""team player""";comportamental;8.0;trabalho em equipe precisa melhorar;2023-03-20
3571;jorge souza;organização no trabalho;comportamental;7.6;boa execução com erros pontuais;2023-04-08
3572;ricardo lima;resiliencia nas adversidades;comportamental;10.0;criativo, porém pouco claro;2023-03-14
3573;pedro costa;resiliencia nas adversidades;comportamental;7.0;aprende rápido, mas esquece feedbacks;2023-05-08
3574;eduardo pereira;resiliencia nas adversidades;execução;6.5;trabalho em equipe precisa melhorar;2023-05-04
3575;joão martins;organização no trabalho;execução;7.5;entrega consistente, mas falta comunicação;2023-03-26
3577;mariana oliveira;sentimento de dono;comportamental;8.6;entrega consistente, mas falta comunicação;2023-04-14
3578;fernanda martins;atender aos prazos;comportamental;6.0;aprende rápido, mas esquece feedbacks;2023-04-14
3579;joão henrique;resiliencia nas adversidades;execução;7.4;inovador, mas confuso;2023-04-23
3580;sofia henrique;fazer mais com menos;execução;8.0;boa execução com erros pontuais;2023-03-15
3582;jorge oliveira;sentimento de dono;comportamental;7.1;entrega consistente, mas falta comunicação;2023-04-11
3583;maria lima;organização no trabalho;comportamental;8.5;trabalho em equipe precisa melhorar;2023-04-22
3584;joana mendes;capacidade de aprender;execução;7.0;organizado, mas às vezes desatento;2023-05-07
3585;mateus martins;"ser ""team player""";execução;8.7;cumpre prazos, mas sem iniciativa;2023-04-29
3586;ana lima;pensar fora da caixa;comportamental;9.2;criativo, porém pouco claro;2023-04-18
3587;carolina ferreira;entregar com qualidade;comportamental;8.8;criativo, porém pouco claro;2023-04-05
3588;joana henrique;resiliencia nas adversidades;execução;6.8;entrega consistente, mas falta comunicação;2023-03-27
3589;mateus pereira;fazer mais com menos;comportamental;7.2;reativo, falta proatividade;2023-04-26
3590;ana martins;pensar fora da caixa;comportamental;9.6;entrega consistente, mas falta comunicação;2023-03-30
3591;ana silva;pensar fora da caixa;comportamental;6.7;aprende rápido, mas esquece feedbacks;2023-04-26
3592;luiza oliveira;pensar fora da caixa;comportamental;6.0;criativo, porém pouco claro;2023-04-06
3593;maria silva;pensar fora da caixa;execução;6.2;reativo, falta proatividade;2023-05-04
3596;marcos henrique;resiliencia nas adversidades;execução;9.0;responsável, porém inseguro;2023-04-29
3597;mateus costa;resiliencia nas adversidades;comportamental;10.0;entrega consistente, mas falta comunicação;2023-03-29
3600;pedro ferreira;organização no trabalho;comportamental;6.7;entrega consistente, mas falta comunicação;2023-04-18
3601;jorge martins;"ser ""team player""";execução;8.2;responsável, porém inseguro;2023-04-18
3603;maria lima;resiliencia nas adversidades;execução;6.4;entrega consistente, mas falta comunicação;2023-04-24
3604;sofia silva;organização no trabalho;execução;7.0;trabalho em equipe precisa melhorar;2023-05-04
3605;carlos silva;pensar fora da caixa;execução;8.2;responsável, porém inseguro;2023-04-28
3608;clara ferreira;resiliencia nas adversidades;execução;6.8;aprende rápido, mas esquece feedbacks;2023-04-16
3610;ricardo henrique;organização no trabalho;execução;6.4;reativo, falta proatividade;2023-03-23
3612;bruno pereira;resiliencia nas adversidades;execução;9.6;trabalho em equipe precisa melhorar;2023-04-14
3613;luiza costa;resiliencia nas adversidades;execução;8.0;organizado, mas às vezes desatento;2023-04-11
3614;mariana martins;fazer mais com menos;execução;6.6;reativo, falta proatividade;2023-03-24
3615;carlos pereira;capacidade de aprender;comportamental;9.0;criativo, porém pouco claro;2023-04-13
3617;mateus henrique;atender aos prazos;execução;9.7;boa execução com erros pontuais;2023-04-21
3618;juliana ferreira;entregar com qualidade;execução;7.5;inovador, mas confuso;2023-03-20
3619;luiza oliveira;pensar fora da caixa;execução;8.6;entrega consistente, mas falta comunicação;2023-05-03
3620;fernanda martins;atender aos prazos;comportamental;8.0;inovador, mas confuso;2023-04-02
3621;ana silva;"ser ""team player""";execução;10.0;trabalho em equipe precisa melhorar;2023-04-02
3622;maria souza;fazer mais com menos;comportamental;8.5;reativo, falta proatividade;2023-04-29
3623;joão oliveira;organização no trabalho;execução;10.0;trabalho em equipe precisa melhorar;2023-03-23
3625;juliana costa;entregar com qualidade;execução;6.8;entrega consistente, mas falta comunicação;2023-04-22
3626;sofia souza;"ser ""team player""";execução;9.8;entrega consistente, mas falta comunicação;2023-03-29
3627;juliana ferreira;capacidade de aprender;execução;10.0;criativo, porém pouco claro;2023-04-27
3628;rafael silva;organização no trabalho;comportamental;7.0;criativo, porém pouco claro;2023-03-12
3630;juliana souza;capacidade de aprender;execução;8.5;aprende rápido, mas esquece feedbacks;2023-04-27
3631;jorge oliveira;sentimento de dono;comportamental;8.7;trabalho em equipe precisa melhorar;2023-04-10
3632;marcos lima;capacidade de aprender;execução;8.2;responsável, porém inseguro;2023-04-11
3635;marcos lima;atender aos prazos;comportamental;8.5;inovador, mas confuso;2023-04-30
3636;eduardo costa;pensar fora da caixa;execução;9.0;reativo, falta proatividade;2023-04-09
3638;mateus souza;atender aos prazos;comportamental;6.0;entrega consistente, mas falta comunicação;2023-04-25
3639;carlos ferreira;pensar fora da caixa;execução;6.0;entrega consistente, mas falta comunicação;2023-04-07
3640;maria pereira;resiliencia nas adversidades;comportamental;7.0;aprende rápido, mas esquece feedbacks;2023-03-21
3641;pedro oliveira;pensar fora da caixa;execução;6.0;entrega consistente, mas falta comunicação;2023-04-20
3643;juliana mendes;fazer mais com menos;execução;9.7;inovador, mas confuso;2023-04-15
3644;carlos costa;entregar com qualidade;execução;10.0;boa execução com erros pontuais;2023-04-02
3648;eduardo ferreira;entregar com qualidade;execução;10.0;aprende rápido, mas esquece feedbacks;2023-03-27
3649;ana souza;fazer mais com menos;comportamental;9.0;cumpre prazos, mas sem iniciativa;2023-04-16
3650;marcos ferreira;entregar com qualidade;comportamental;9.8;reativo, falta proatividade;2023-05-06
3651;maria martins;entregar com qualidade;comportamental;9.1;boa execução com erros pontuais;2023-05-08
3652;bruno silva;atender aos prazos;execução;7.2;reativo, falta proatividade;2023-03-31
3653;joana lima;atender aos prazos;execução;9.8;boa execução com erros pontuais;2023-03-17
3654;joana oliveira;organização no trabalho;comportamental;7.3;criativo, porém pouco claro;2023-04-14
3655;clara martins;pensar fora da caixa;comportamental;9.0;inovador, mas confuso;2023-04-01
3656;pedro silva;entregar com qualidade;comportamental;9.9;responsável, porém inseguro;2023-03-26
3657;carlos henrique;organização no trabalho;comportamental;9.7;inovador, mas confuso;2023-03-23
3659;juliana oliveira;entregar com qualidade;comportamental;7.0;cumpre prazos, mas sem iniciativa;2023-04-27
3661;ana souza;pensar fora da caixa;comportamental;6.1;trabalho em equipe precisa melhorar;2023-05-01
3662;joão silva;"ser ""team player""";comportamental;10.0;aprende rápido, mas esquece feedbacks;2023-05-04
3663;mariana martins;pensar fora da caixa;execução;8.0;entrega consistente, mas falta comunicação;2023-04-06
3664;ana pereira;capacidade de aprender;execução;8.7;entrega consistente, mas falta comunicação;2023-04-14
3665;juliana oliveira;sentimento de dono;comportamental;7.0;boa execução com erros pontuais;2023-03-27
3666;marcos costa;resiliencia nas adversidades;execução;9.3;reativo, falta proatividade;2023-05-09
3667;carlos ferreira;"ser ""team player""";comportamental;6.7;trabalho em equipe precisa melhorar;2023-04-17
3668;jorge martins;fazer mais com menos;comportamental;7.4;entrega consistente, mas falta comunicação;2023-04-20
3669;juliana souza;entregar com qualidade;execução;9.1;inovador, mas confuso;2023-03-22
3675;maria martins;organização no trabalho;execução;10.0;responsável, porém inseguro;2023-04-08
3676;eduardo pereira;"ser ""team player""";comportamental;8.0;aprende rápido, mas esquece feedbacks;2023-04-18
3677;mateus lima;entregar com qualidade;comportamental;7.8;trabalho em equipe precisa melhorar;2023-05-03
3679;marcos pereira;entregar com qualidade;execução;9.5;cumpre prazos, mas sem iniciativa;2023-03-11
3680;clara silva;entregar com qualidade;comportamental;8.4;criativo, porém pouco claro;2023-03-17
3681;carolina souza;entregar com qualidade;comportamental;10.0;responsável, porém inseguro;2023-03-30
3684;mateus henrique;entregar com qualidade;execução;8.8;entrega consistente, mas falta comunicação;2023-04-03
3685;jorge oliveira;"ser ""team player""";execução;7.0;reativo, falta proatividade;2023-04-14
3686;rafael mendes;capacidade de aprender;comportamental;8.0;responsável, porém inseguro;2023-04-23
3689;sofia henrique;sentimento de dono;comportamental;7.0;criativo, porém pouco claro;2023-04-03
3690;mariana souza;entregar com qualidade;execução;10.0;organizado, mas às vezes desatento;2023-04-06
3694;pedro oliveira;resiliencia nas adversidades;execução;7.2;entrega consistente, mas falta comunicação;2023-03-23
3695;eduardo martins;"ser ""team player""";execução;6.4;boa execução com erros pontuais;2023-03-18
3697;ana henrique;pensar fora da caixa;execução;6.4;inovador, mas confuso;2023-03-14
3699;rafael martins;resiliencia nas adversidades;execução;8.8;trabalho em equipe precisa melhorar;2023-04-27
3700;jorge pereira;sentimento de dono;execução;7.0;organizado, mas às vezes desatento;2023-04-02
3701;marcos ferreira;sentimento de dono;execução;10.0;organizado, mas às vezes desatento;2023-04-16
3704;fernanda oliveira;resiliencia nas adversidades;execução;9.0;reativo, falta proatividade;2023-03-22
3705;ana lima;fazer mais com menos;execução;7.0;responsável, porém inseguro;2023-04-30
3706;maria lima;"ser ""team player""";execução;8.3;cumpre prazos, mas sem iniciativa;2023-03-26
3707;bruno oliveira;capacidade de aprender;comportamental;7.0;aprende rápido, mas esquece feedbacks;2023-03-28
3708;clara mendes;organização no trabalho;comportamental;9.8;criativo, porém pouco claro;2023-04-16
3709;jorge martins;sentimento de dono;comportamental;9.9;aprende rápido, mas esquece feedbacks;2023-05-09
3711;joão oliveira;entregar com qualidade;execução;8.0;inovador, mas confuso;2023-04-04
3712;juliana mendes;organização no trabalho;comportamental;9.4;reativo, falta proatividade;2023-04-04
3713;mariana ferreira;atender aos prazos;comportamental;7.9;reativo, falta proatividade;2023-04-22
3714;pedro mendes;entregar com qualidade;execução;10.0;reativo, falta proatividade;2023-04-07
3716;sofia souza;organização no trabalho;execução;7.2;organizado, mas às vezes desatento;2023-03-24
3717;jorge silva;entregar com qualidade;execução;9.8;cumpre prazos, mas sem iniciativa;2023-03-12
3718;pedro silva;organização no trabalho;execução;8.6;boa execução com erros pontuais;2023-05-03
3719;rafael souza;resiliencia nas adversidades;execução;6.4;entrega consistente, mas falta comunicação;2023-03-10
3721;marcos costa;sentimento de dono;execução;7.7;trabalho em equipe precisa melhorar;2023-04-07
3723;ricardo henrique;organização no trabalho;execução;9.2;organizado, mas às vezes desatento;2023-04-01
3725;ana mendes;sentimento de dono;execução;9.5;responsável, porém inseguro;2023-04-26
3726;carlos henrique;organização no trabalho;comportamental;10.0;trabalho em equipe precisa melhorar;2023-04-12
3727;bruno lima;entregar com qualidade;comportamental;10.0;criativo, porém pouco claro;2023-04-04
3728;eduardo costa;organização no trabalho;comportamental;6.0;reativo, falta proatividade;2023-03-26
3729;carlos souza;fazer mais com menos;comportamental;7.8;inovador, mas confuso;2023-04-12
3730;carolina martins;sentimento de dono;execução;6.0;cumpre prazos, mas sem iniciativa;2023-03-24
3732;ana souza;fazer mais com menos;comportamental;8.8;reativo, falta proatividade;2023-03-23
3733;rafael martins;fazer mais com menos;comportamental;6.4;trabalho em equipe precisa melhorar;2023-05-03
3734;rafael lima;pensar fora da caixa;execução;6.0;trabalho em equipe precisa melhorar;2023-03-28
3735;ricardo pereira;"ser ""team player""";execução;8.6;cumpre prazos, mas sem iniciativa;2023-05-09
3736;pedro ferreira;organização no trabalho;comportamental;9.0;boa execução com erros pontuais;2023-04-11
3738;marcos lima;organização no trabalho;comportamental;7.4;cumpre prazos, mas sem iniciativa;2023-04-15
3739;joana costa;capacidade de aprender;execução;7.5;aprende rápido, mas esquece feedbacks;2023-04-25
3741;ana mendes;entregar com qualidade;comportamental;9.8;reativo, falta proatividade;2023-04-22
3742;carlos silva;capacidade de aprender;execução;8.0;inovador, mas confuso;2023-03-20
3743;eduardo lima;resiliencia nas adversidades;comportamental;10.0;inovador, mas confuso;2023-05-06
3744;fernanda ferreira;entregar com qualidade;comportamental;7.0;entrega consistente, mas falta comunicação;2023-05-05
3747;luiza souza;atender aos prazos;execução;9.1;boa execução com erros pontuais;2023-04-13
3748;mateus lima;organização no trabalho;comportamental;8.6;boa execução com erros pontuais;2023-04-21
3750;mateus lima;resiliencia nas adversidades;execução;7.4;criativo, porém pouco claro;2023-04-24
3751;fernanda mendes;resiliencia nas adversidades;comportamental;8.1;responsável, porém inseguro;2023-03-23
3752;mateus ferreira;fazer mais com menos;comportamental;9.0;cumpre prazos, mas sem iniciativa;2023-04-02
3753;jorge mendes;pensar fora da caixa;comportamental;6.0;cumpre prazos, mas sem iniciativa;2023-03-27
3754;bruno lima;"ser ""team player""";execução;6.8;trabalho em equipe precisa melhorar;2023-04-28
3755;clara lima;sentimento de dono;execução;8.6;trabalho em equipe precisa melhorar;2023-03-16
3756;ana mendes;fazer mais com menos;comportamental;9.0;entrega consistente, mas falta comunicação;2023-03-17
3758;ricardo henrique;sentimento de dono;execução;10.0;entrega consistente, mas falta comunicação;2023-03-19
3759;jorge oliveira;pensar fora da caixa;comportamental;8.0;boa execução com erros pontuais;2023-04-02
3760;pedro souza;fazer mais com menos;comportamental;8.7;trabalho em equipe precisa melhorar;2023-04-15
3762;rafael lima;entregar com qualidade;comportamental;6.0;organizado, mas às vezes desatento;2023-04-03
3763;maria pereira;sentimento de dono;comportamental;7.6;trabalho em equipe precisa melhorar;2023-04-12
3765;clara oliveira;"ser ""team player""";execução;9.0;aprende rápido, mas esquece feedbacks;2023-04-13
3768;jorge oliveira;pensar fora da caixa;comportamental;10.0;aprende rápido, mas esquece feedbacks;2023-04-25
3769;pedro oliveira;fazer mais com menos;comportamental;9.0;inovador, mas confuso;2023-03-12
3770;clara henrique;entregar com qualidade;execução;7.1;reativo, falta proatividade;2023-04-22
3771;luiza lima;entregar com qualidade;execução;8.9;organizado, mas às vezes desatento;2023-04-24
3772;pedro pereira;entregar com qualidade;execução;9.0;criativo, porém pouco claro;2023-04-13
3773;carolina ferreira;entregar com qualidade;comportamental;9.0;entrega consistente, mas falta comunicação;2023-03-31
3775;maria souza;organização no trabalho;execução;9.5;responsável, porém inseguro;2023-04-07
3777;eduardo costa;entregar com qualidade;execução;6.2;organizado, mas às vezes desatento;2023-04-03
3779;marcos oliveira;atender aos prazos;comportamental;6.6;aprende rápido, mas esquece feedbacks;2023-04-19
3780;jorge lima;sentimento de dono;execução;7.0;entrega consistente, mas falta comunicação;2023-03-27
3782;mariana oliveira;resiliencia nas adversidades;execução;8.0;aprende rápido, mas esquece feedbacks;2023-05-06
3786;mariana souza;capacidade de aprender;comportamental;9.3;responsável, porém inseguro;2023-04-17
3789;pedro henrique;sentimento de dono;comportamental;6.7;inovador, mas confuso;2023-03-26
3790;joana oliveira;fazer mais com menos;execução;6.6;organizado, mas às vezes desatento;2023-04-25
3791;bruno pereira;"ser ""team player""";comportamental;6.3;reativo, falta proatividade;2023-04-04
3793;ricardo lima;entregar com qualidade;comportamental;6.1;aprende rápido, mas esquece feedbacks;2023-05-01
3794;ricardo silva;atender aos prazos;execução;7.3;organizado, mas às vezes desatento;2023-04-12
3796;carlos souza;capacidade de aprender;execução;7.1;inovador, mas confuso;2023-03-17
3797;pedro lima;organização no trabalho;execução;6.1;criativo, porém pouco claro;2023-03-11
3798;fernanda silva;sentimento de dono;execução;10.0;reativo, falta proatividade;2023-04-08
3800;ana souza;fazer mais com menos;execução;6.3;criativo, porém pouco claro;2023-04-23
3801;eduardo martins;capacidade de aprender;comportamental;6.4;aprende rápido, mas esquece feedbacks;2023-04-16
3802;fernanda martins;entregar com qualidade;comportamental;7.7;organizado, mas às vezes desatento;2023-04-25
3803;jorge ferreira;sentimento de dono;execução;8.6;entrega consistente, mas falta comunicação;2023-04-12
3804;ana costa;fazer mais com menos;comportamental;7.3;reativo, falta proatividade;2023-04-15
3805;sofia henrique;atender aos prazos;comportamental;8.0;criativo, porém pouco claro;2023-04-09
3806;sofia lima;fazer mais com menos;comportamental;9.0;trabalho em equipe precisa melhorar;2023-05-08
3807;ricardo costa;sentimento de dono;execução;7.0;aprende rápido, mas esquece feedbacks;2023-03-18
3809;marcos henrique;resiliencia nas adversidades;execução;8.6;reativo, falta proatividade;2023-05-08
3812;juliana lima;"ser ""team player""";execução;6.8;aprende rápido, mas esquece feedbacks;2023-04-12
3813;luiza souza;resiliencia nas adversidades;execução;6.3;reativo, falta proatividade;2023-03-23
3814;marcos martins;entregar com qualidade;execução;6.0;trabalho em equipe precisa melhorar;2023-04-26
3815;mateus martins;sentimento de dono;comportamental;7.7;cumpre prazos, mas sem iniciativa;2023-05-06
3816;joão lima;fazer mais com menos;execução;6.1;responsável, porém inseguro;2023-03-13
3817;marcos oliveira;"ser ""team player""";comportamental;8.0;aprende rápido, mas esquece feedbacks;2023-03-28
3818;ricardo henrique;fazer mais com menos;comportamental;10.0;criativo, porém pouco claro;2023-04-18
3819;mateus oliveira;"ser ""team player""";execução;8.0;aprende rápido, mas esquece feedbacks;2023-04-08
3820;luiza silva;organização no trabalho;execução;7.0;organizado, mas às vezes desatento;2023-04-17
3821;mariana ferreira;"ser ""team player""";execução;7.9;criativo, porém pouco claro;2023-03-17
3822;ana souza;entregar com qualidade;execução;8.0;organizado, mas às vezes desatento;2023-04-18
3823;eduardo costa;resiliencia nas adversidades;execução;6.2;organizado, mas às vezes desatento;2023-04-28
3824;jorge souza;"ser ""team player""";execução;9.3;reativo, falta proatividade;2023-03-23
3826;jorge mendes;resiliencia nas adversidades;comportamental;9.9;cumpre prazos, mas sem iniciativa;2023-04-24
3827;sofia oliveira;organização no trabalho;comportamental;7.0;reativo, falta proatividade;2023-03-21
3828;fernanda ferreira;resiliencia nas adversidades;execução;8.0;inovador, mas confuso;2023-04-16
3829;ricardo henrique;entregar com qualidade;comportamental;6.5;inovador, mas confuso;2023-04-07
3832;bruno oliveira;"ser ""team player""";comportamental;7.1;aprende rápido, mas esquece feedbacks;2023-04-20
3833;maria ferreira;organização no trabalho;execução;9.9;entrega consistente, mas falta comunicação;2023-04-28
3834;clara ferreira;"ser ""team player""";execução;9.0;reativo, falta proatividade;2023-04-17
3835;clara souza;resiliencia nas adversidades;comportamental;8.9;trabalho em equipe precisa melhorar;2023-04-26
3836;carolina silva;organização no trabalho;execução;6.9;cumpre prazos, mas sem iniciativa;2023-03-21
3837;mariana henrique;pensar fora da caixa;execução;6.6;cumpre prazos, mas sem iniciativa;2023-04-25
3838;luiza silva;fazer mais com menos;execução;6.0;inovador, mas confuso;2023-04-14
3839;bruno martins;atender aos prazos;comportamental;9.3;responsável, porém inseguro;2023-03-19
3840;bruno oliveira;entregar com qualidade;execução;6.0;organizado, mas às vezes desatento;2023-05-05
3842;ricardo pereira;organização no trabalho;execução;9.0;trabalho em equipe precisa melhorar;2023-04-07
3843;mariana oliveira;organização no trabalho;execução;7.0;aprende rápido, mas esquece feedbacks;2023-03-14
3844;rafael silva;atender aos prazos;comportamental;6.4;boa execução com erros pontuais;2023-04-12
3847;ricardo pereira;resiliencia nas adversidades;execução;7.0;organizado, mas às vezes desatento;2023-03-25
3848;joão oliveira;entregar com qualidade;execução;7.4;inovador, mas confuso;2023-03-24
3850;marcos pereira;sentimento de dono;execução;9.0;reativo, falta proatividade;2023-03-12
3851;mariana martins;pensar fora da caixa;comportamental;6.3;cumpre prazos, mas sem iniciativa;2023-03-17
3852;joão costa;resiliencia nas adversidades;comportamental;6.7;entrega consistente, mas falta comunicação;2023-05-05
3853;jorge pereira;atender aos prazos;comportamental;10.0;organizado, mas às vezes desatento;2023-03-25
3854;joana costa;atender aos prazos;execução;6.3;cumpre prazos, mas sem iniciativa;2023-04-21
3855;joão mendes;sentimento de dono;execução;9.8;trabalho em equipe precisa melhorar;2023-04-08
3857;jorge costa;organização no trabalho;comportamental;7.4;reativo, falta proatividade;2023-04-23
3858;marcos souza;"ser ""team player""";comportamental;6.0;aprende rápido, mas esquece feedbacks;2023-04-15
3859;ana costa;entregar com qualidade;execução;8.3;criativo, porém pouco claro;2023-04-19
3860;mateus souza;organização no trabalho;execução;9.0;reativo, falta proatividade;2023-04-10
3861;bruno pereira;pensar fora da caixa;execução;8.8;reativo, falta proatividade;2023-04-04
3862;pedro martins;organização no trabalho;execução;6.8;boa execução com erros pontuais;2023-04-18
3863;rafael costa;fazer mais com menos;execução;8.0;organizado, mas às vezes desatento;2023-04-11
3864;marcos henrique;resiliencia nas adversidades;execução;9.9;criativo, porém pouco claro;2023-03-31
3865;mateus lima;organização no trabalho;execução;10.0;organizado, mas às vezes desatento;2023-03-29
3866;ricardo souza;fazer mais com menos;comportamental;6.1;organizado, mas às vezes desatento;2023-03-22
3867;eduardo souza;pensar fora da caixa;comportamental;6.4;trabalho em equipe precisa melhorar;2023-04-16
3868;maria costa;"ser ""team player""";execução;9.0;entrega consistente, mas falta comunicação;2023-03-14
3869;maria costa;resiliencia nas adversidades;execução;9.2;reativo, falta proatividade;2023-03-10
3872;clara oliveira;fazer mais com menos;comportamental;7.4;organizado, mas às vezes desatento;2023-05-04
3873;joana costa;pensar fora da caixa;execução;7.6;cumpre prazos, mas sem iniciativa;2023-04-26
3874;luiza mendes;fazer mais com menos;comportamental;8.3;aprende rápido, mas esquece feedbacks;2023-03-18
3875;pedro pereira;sentimento de dono;execução;8.7;cumpre prazos, mas sem iniciativa;2023-03-22
3876;fernanda ferreira;entregar com qualidade;comportamental;6.0;aprende rápido, mas esquece feedbacks;2023-03-12
3877;bruno mendes;pensar fora da caixa;comportamental;7.9;aprende rápido, mas esquece feedbacks;2023-04-11
3878;mateus lima;entregar com qualidade;execução;8.0;criativo, porém pouco claro;2023-04-16
3879;mariana lima;organização no trabalho;execução;6.4;entrega consistente, mas falta comunicação;2023-04-03
3880;mateus pereira;capacidade de aprender;comportamental;8.5;cumpre prazos, mas sem iniciativa;2023-04-19
3882;eduardo martins;organização no trabalho;comportamental;9.1;reativo, falta proatividade;2023-04-05
3883;clara henrique;fazer mais com menos;comportamental;9.7;cumpre prazos, mas sem iniciativa;2023-04-22
3884;fernanda souza;"ser ""team player""";execução;9.0;inovador, mas confuso;2023-03-24
3885;pedro martins;organização no trabalho;comportamental;9.0;entrega consistente, mas falta comunicação;2023-04-20
3886;maria henrique;"ser ""team player""";execução;9.3;responsável, porém inseguro;2023-04-18
3888;ricardo oliveira;fazer mais com menos;comportamental;9.0;inovador, mas confuso;2023-04-22
3889;ricardo pereira;fazer mais com menos;comportamental;6.9;boa execução com erros pontuais;2023-03-30
3892;ricardo mendes;entregar com qualidade;comportamental;6.4;inovador, mas confuso;2023-04-16
3893;carlos henrique;capacidade de aprender;execução;10.0;trabalho em equipe precisa melhorar;2023-04-07
3895;joana pereira;entregar com qualidade;comportamental;10.0;organizado, mas às vezes desatento;2023-03-28
3896;fernanda mendes;fazer mais com menos;execução;7.2;criativo, porém pouco claro;2023-05-02
3897;ricardo martins;pensar fora da caixa;execução;7.0;inovador, mas confuso;2023-04-28
3898;carlos silva;fazer mais com menos;comportamental;7.3;boa execução com erros pontuais;2023-04-08
3899;mariana costa;capacidade de aprender;comportamental;6.7;reativo, falta proatividade;2023-04-16
3901;sofia silva;capacidade de aprender;comportamental;10.0;inovador, mas confuso;2023-04-29
3902;maria pereira;capacidade de aprender;execução;7.4;trabalho em equipe precisa melhorar;2023-05-01
3905;rafael henrique;"ser ""team player""";execução;9.0;boa execução com erros pontuais;2023-04-25
3906;luiza lima;sentimento de dono;comportamental;8.9;aprende rápido, mas esquece feedbacks;2023-04-18
3908;luiza ferreira;entregar com qualidade;comportamental;7.9;reativo, falta proatividade;2023-03-24
3909;ana ferreira;fazer mais com menos;execução;10.0;aprende rápido, mas esquece feedbacks;2023-04-05
3911;joão henrique;"ser ""team player""";execução;8.0;organizado, mas às vezes desatento;2023-03-27
3912;sofia lima;entregar com qualidade;comportamental;7.0;organizado, mas às vezes desatento;2023-04-19
3913;luiza silva;resiliencia nas adversidades;comportamental;9.0;responsável, porém inseguro;2023-04-15
3914;juliana silva;fazer mais com menos;execução;6.4;aprende rápido, mas esquece feedbacks;2023-04-22
3915;maria silva;capacidade de aprender;comportamental;8.6;organizado, mas às vezes desatento;2023-04-05
3916;clara mendes;organização no trabalho;execução;9.7;inovador, mas confuso;2023-03-23
3917;mateus oliveira;resiliencia nas adversidades;execução;7.5;responsável, porém inseguro;2023-03-10
3918;jorge mendes;atender aos prazos;comportamental;7.3;criativo, porém pouco claro;2023-03-10
3919;jorge pereira;pensar fora da caixa;comportamental;9.4;reativo, falta proatividade;2023-03-22
3921;clara lima;"ser ""team player""";execução;10.0;inovador, mas confuso;2023-03-27
3922;joão pereira;pensar fora da caixa;comportamental;8.0;entrega consistente, mas falta comunicação;2023-05-09
3923;mariana henrique;entregar com qualidade;comportamental;7.8;trabalho em equipe precisa melhorar;2023-04-18
3925;eduardo costa;resiliencia nas adversidades;comportamental;9.0;reativo, falta proatividade;2023-05-07
3926;ana ferreira;"ser ""team player""";execução;9.1;criativo, porém pouco claro;2023-03-29
3927;maria souza;pensar fora da caixa;comportamental;10.0;criativo, porém pouco claro;2023-04-16
3928;carolina costa;pensar fora da caixa;comportamental;8.2;aprende rápido, mas esquece feedbacks;2023-03-24
3929;juliana ferreira;pensar fora da caixa;comportamental;6.6;entrega consistente, mas falta comunicação;2023-04-16
3930;mariana mendes;resiliencia nas adversidades;comportamental;9.9;organizado, mas às vezes desatento;2023-05-07
3931;carlos souza;fazer mais com menos;comportamental;8.0;responsável, porém inseguro;2023-04-05
3932;fernanda martins;organização no trabalho;execução;8.0;entrega consistente, mas falta comunicação;2023-05-04
3933;marcos costa;atender aos prazos;comportamental;6.4;criativo, porém pouco claro;2023-04-04
3934;pedro pereira;fazer mais com menos;execução;9.4;aprende rápido, mas esquece feedbacks;2023-04-09
3935;sofia costa;pensar fora da caixa;execução;9.8;boa execução com erros pontuais;2023-05-06
3938;carolina costa;"ser ""team player""";execução;9.0;entrega consistente, mas falta comunicação;2023-03-12
3939;mariana pereira;resiliencia nas adversidades;comportamental;6.5;trabalho em equipe precisa melhorar;2023-04-01
3940;carlos ferreira;sentimento de dono;execução;7.0;entrega consistente, mas falta comunicação;2023-04-28
3941;ricardo mendes;entregar com qualidade;comportamental;7.0;responsável, porém inseguro;2023-04-18
3943;carlos henrique;fazer mais com menos;comportamental;9.5;aprende rápido, mas esquece feedbacks;2023-03-14
3944;sofia oliveira;"ser ""team player""";comportamental;8.3;reativo, falta proatividade;2023-03-19
3945;eduardo oliveira;resiliencia nas adversidades;execução;6.9;cumpre prazos, mas sem iniciativa;2023-03-27
3946;ricardo oliveira;capacidade de aprender;execução;7.8;reativo, falta proatividade;2023-04-13
3947;jorge ferreira;"ser ""team player""";comportamental;8.4;criativo, porém pouco claro;2023-03-27
3948;bruno martins;atender aos prazos;execução;8.6;responsável, porém inseguro;2023-04-05
3949;juliana henrique;"ser ""team player""";comportamental;9.5;entrega consistente, mas falta comunicação;2023-04-15
3950;bruno ferreira;capacidade de aprender;execução;7.0;entrega consistente, mas falta comunicação;2023-03-16
3952;ricardo oliveira;sentimento de dono;comportamental;7.9;responsável, porém inseguro;2023-04-17
3953;maria souza;capacidade de aprender;comportamental;8.1;trabalho em equipe precisa melhorar;2023-03-12
3956;rafael silva;fazer mais com menos;execução;9.5;aprende rápido, mas esquece feedbacks;2023-03-30
3957;carlos martins;pensar fora da caixa;execução;9.0;aprende rápido, mas esquece feedbacks;2023-03-16
3959;clara lima;organização no trabalho;execução;7.5;criativo, porém pouco claro;2023-03-20
3961;rafael lima;fazer mais com menos;execução;8.5;inovador, mas confuso;2023-03-29
3963;pedro pereira;entregar com qualidade;execução;8.0;boa execução com erros pontuais;2023-03-26
3964;mateus silva;entregar com qualidade;comportamental;9.3;boa execução com erros pontuais;2023-05-04
3965;marcos costa;capacidade de aprender;comportamental;9.0;entrega consistente, mas falta comunicação;2023-03-22
3966;jorge mendes;resiliencia nas adversidades;comportamental;8.0;entrega consistente, mas falta comunicação;2023-04-24
3967;ricardo mendes;sentimento de dono;comportamental;6.6;responsável, porém inseguro;2023-04-10
3968;joão silva;"ser ""team player""";execução;7.0;reativo, falta proatividade;2023-04-04
3969;carolina costa;sentimento de dono;comportamental;6.3;organizado, mas às vezes desatento;2023-04-23
3970;luiza souza;fazer mais com menos;execução;10.0;criativo, porém pouco claro;2023-04-23
3971;eduardo lima;"ser ""team player""";comportamental;10.0;criativo, porém pouco claro;2023-03-12
3972;mateus silva;organização no trabalho;comportamental;6.0;inovador, mas confuso;2023-05-05
3973;carlos martins;capacidade de aprender;comportamental;8.2;aprende rápido, mas esquece feedbacks;2023-05-09
3974;jorge ferreira;atender aos prazos;comportamental;6.3;reativo, falta proatividade;2023-03-23
3976;mateus pereira;entregar com qualidade;comportamental;7.0;responsável, porém inseguro;2023-04-06
3977;maria mendes;capacidade de aprender;execução;9.0;cumpre prazos, mas sem iniciativa;2023-05-03
3978;carolina oliveira;organização no trabalho;comportamental;9.7;criativo, porém pouco claro;2023-04-23
3979;rafael henrique;pensar fora da caixa;comportamental;9.2;responsável, porém inseguro;2023-03-22
3980;carolina ferreira;"ser ""team player""";comportamental;8.3;entrega consistente, mas falta comunicação;2023-04-14
3981;rafael oliveira;capacidade de aprender;comportamental;8.0;aprende rápido, mas esquece feedbacks;2023-04-27
3982;bruno lima;resiliencia nas adversidades;execução;8.6;criativo, porém pouco claro;2023-05-02
3983;clara martins;pensar fora da caixa;execução;8.9;organizado, mas às vezes desatento;2023-05-06
3984;fernanda oliveira;organização no trabalho;comportamental;9.3;trabalho em equipe precisa melhorar;2023-03-16
3985;juliana silva;atender aos prazos;comportamental;6.1;inovador, mas confuso;2023-05-06
3986;joana costa;"ser ""team player""";comportamental;8.1;aprende rápido, mas esquece feedbacks;2023-05-03
3987;carolina henrique;pensar fora da caixa;execução;8.0;cumpre prazos, mas sem iniciativa;2023-05-05
3988;mariana lima;capacidade de aprender;execução;8.3;inovador, mas confuso;2023-05-08
3989;luiza mendes;sentimento de dono;comportamental;8.7;entrega consistente, mas falta comunicação;2023-04-25
3990;juliana pereira;entregar com qualidade;execução;7.6;entrega consistente, mas falta comunicação;2023-04-23
3993;carolina mendes;capacidade de aprender;execução;10.0;responsável, porém inseguro;2023-04-16
3994;fernanda oliveira;resiliencia nas adversidades;comportamental;6.6;organizado, mas às vezes desatento;2023-03-31
